lr,reg,time,accuracy_mean,accuracy_std
0.01,0.1,367.78047919273376,0.7335000336170197,0.01684784919386738
0.01,0.010000000000000002,456.37772130966187,0.7599000334739685,0.019341408414600716
0.01,0.0010000000000000002,545.4143822193146,0.7575000405311585,0.01656653385486986
0.01,0.00010000000000000002,538.6805777549744,0.7538000345230103,0.02060971261651875
0.01,1.0000000000000003e-05,569.1843364238739,0.7654000341892242,0.01208470351525991
0.03,0.1,334.27533435821533,0.7104000389575958,0.03454040794570216
