lr,reg,time,accuracy_mean,accuracy_std
0.1,0.1,64.78348636627197,0.7820000251134237,0.005887839011809073
0.1,0.010000000000000002,52.934609174728394,0.8126666943232218,0.006182416289578324
0.1,0.0010000000000000002,54.2861762046814,0.8060000340143839,0.003559036087832011
0.1,0.00010000000000000002,57.69115900993347,0.8146667083104452,0.003858617546121194
0.010000000000000002,0.1,75.9110369682312,0.7850000460942587,0.011313703328971343
0.010000000000000002,0.010000000000000002,72.72132110595703,0.8013333678245544,0.004921618333495138
0.010000000000000002,0.0010000000000000002,92.05027484893799,0.8000000317891439,0.0043204933574862
0.010000000000000002,0.00010000000000000002,95.31839036941528,0.7893333832422892,0.004988886625945815
