nlayer,dropout,time,accuracy_mean,accuracy_std
1,0.2,54.79425549507141,0.6728000044822693,0.013021525020136987
1,0.30000000000000004,54.90720081329346,0.6679999947547912,0.011924767071681167
1,0.4,58.559776306152344,0.667299997806549,0.010574019811858498
1,0.5,62.96371674537659,0.6727999985218048,0.009693290286364637
1,0.6000000000000001,73.23421311378479,0.6698000013828278,0.010037933867559775
